Date,Open,High,Low,Close,Volume,Dividends,Stock Splits,thscode,thsname_cn,thsname_en,currency
2024-07-17T04:00:00.000Z,137.4585779441,138.7404003173,135.6972890253,136.2648162842,9157000,0.0,0.0,ORCL,甲骨文,Oracle Corporation,USD
2024-07-18T04:00:00.000Z,136.3626603292,137.0476018165,134.2491137994,135.0612640381,5998700,0.0,0.0,ORCL,甲骨文,Oracle Corporation,USD
2024-07-19T04:00:00.000Z,135.3743895198,137.4194344483,135.1101924693,135.579864502,6111900,0.0,0.0,ORCL,甲骨文,Oracle Corporation,USD
2024-07-22T04:00:00.000Z,136.734498462,137.6542685416,136.127823176,137.1552429199,5387200,0.0,0.0,ORCL,甲骨文,Oracle Corporation,USD
2024-07-23T04:00:00.000Z,138.2609294615,140.1396324032,138.1728687605,140.0319976807,6697400,0.0,0.0,ORCL,甲骨文,Oracle Corporation,USD
2024-07-24T04:00:00.000Z,138.6523137559,139.5916726476,135.4232871618,135.7853393555,8018800,0.0,0.0,ORCL,甲骨文,Oracle Corporation,USD
2024-07-25T04:00:00.000Z,137.1356781688,138.035904147,134.7383752246,134.8558044434,7654600,0.0,0.0,ORCL,甲骨文,Oracle Corporation,USD
2024-07-26T04:00:00.000Z,135.8831990752,136.949766858,135.4037474809,136.0201873779,5139400,0.0,0.0,ORCL,甲骨文,Oracle Corporation,USD
2024-07-29T04:00:00.000Z,136.2745791862,136.7736047098,134.855768833,135.3352203369,4054600,0.0,0.0,ORCL,甲骨文,Oracle Corporation,USD
2024-07-30T04:00:00.000Z,136.0788804355,136.5681264025,132.0572779893,132.7519989014,6505700,0.0,0.0,ORCL,甲骨文,Oracle Corporation,USD
2024-07-31T04:00:00.000Z,136.6855728646,138.5055688881,135.6777271295,136.4507293701,7188000,0.0,0.0,ORCL,甲骨文,Oracle Corporation,USD
2024-08-01T04:00:00.000Z,136.2941592166,137.3705065081,132.8498777449,134.552444458,5906800,0.0,0.0,ORCL,甲骨文,Oracle Corporation,USD
2024-08-02T04:00:00.000Z,129.9143960512,131.4114877208,128.9652575508,130.4134216309,8251600,0.0,0.0,ORCL,甲骨文,Oracle Corporation,USD
2024-08-05T04:00:00.000Z,125.1393465477,127.174611785,123.9358055177,125.109992981,10355000,0.0,0.0,ORCL,甲骨文,Oracle Corporation,USD
2024-08-06T04:00:00.000Z,127.7323499154,128.2215959568,125.3252677529,125.4524765015,8373900,0.0,0.0,ORCL,甲骨文,Oracle Corporation,USD
2024-08-07T04:00:00.000Z,126.1472045295,127.4975284566,123.0453862464,123.1921615601,8617700,0.0,0.0,ORCL,甲骨文,Oracle Corporation,USD
2024-08-08T04:00:00.000Z,125.2469814021,127.0278440856,124.9045106803,126.186340332,6243200,0.0,0.0,ORCL,甲骨文,Oracle Corporation,USD
2024-08-09T04:00:00.000Z,125.6383511532,129.522965103,125.5796440294,129.2196350098,5597300,0.0,0.0,ORCL,甲骨文,Oracle Corporation,USD
2024-08-12T04:00:00.000Z,129.4055961418,129.8557091327,128.3879708021,129.7285003662,5600800,0.0,0.0,ORCL,甲骨文,Oracle Corporation,USD
2024-08-13T04:00:00.000Z,130.1100967216,131.6463215663,129.953534401,131.3723449707,4324000,0.0,0.0,ORCL,甲骨文,Oracle Corporation,USD
2024-08-14T04:00:00.000Z,131.1570876036,133.045585309,131.1277340321,132.6835479736,4044600,0.0,0.0,ORCL,甲骨文,Oracle Corporation,USD
2024-08-15T04:00:00.000Z,133.9849243164,134.2980489743,132.8009571638,133.9849243164,4698100,0.0,0.0,ORCL,甲骨文,Oracle Corporation,USD
2024-08-16T04:00:00.000Z,133.8479384778,134.8557991574,133.4565475788,134.5133209229,4893800,0.0,0.0,ORCL,甲骨文,Oracle Corporation,USD
2024-08-19T04:00:00.000Z,134.5720324342,134.9829973707,133.5250535335,134.9536437988,3641600,0.0,0.0,ORCL,甲骨文,Oracle Corporation,USD
2024-08-20T04:00:00.000Z,134.8557871888,136.7834028725,134.8557871888,136.1767425537,3738300,0.0,0.0,ORCL,甲骨文,Oracle Corporation,USD
2024-08-21T04:00:00.000Z,135.8146875357,137.2824254811,135.5700645448,137.1845703125,3776800,0.0,0.0,ORCL,甲骨文,Oracle Corporation,USD
2024-08-22T04:00:00.000Z,137.6738591992,138.0456910391,134.689454794,135.1102142334,5162200,0.0,0.0,ORCL,甲骨文,Oracle Corporation,USD
2024-08-23T04:00:00.000Z,135.746221847,136.783421214,134.3078370855,136.1963348389,4544600,0.0,0.0,ORCL,甲骨文,Oracle Corporation,USD
2024-08-26T04:00:00.000Z,136.3920184021,136.4017979485,135.2178308236,135.9125518799,2729600,0.0,0.0,ORCL,甲骨文,Oracle Corporation,USD
2024-08-27T04:00:00.000Z,134.8851470207,136.4996530741,134.7775122885,135.5015869141,3872200,0.0,0.0,ORCL,甲骨文,Oracle Corporation,USD
2024-08-28T04:00:00.000Z,135.8440388512,135.9614531071,133.9653361039,134.9144744873,3022600,0.0,0.0,ORCL,甲骨文,Oracle Corporation,USD
2024-08-29T04:00:00.000Z,136.1473796289,138.123937698,135.8636235114,136.4213562012,4588400,0.0,0.0,ORCL,甲骨文,Oracle Corporation,USD
2024-08-30T04:00:00.000Z,137.3117851845,138.6718884775,137.0867362033,138.2511291504,7980700,0.0,0.0,ORCL,甲骨文,Oracle Corporation,USD
2024-09-03T04:00:00.000Z,137.4291982015,139.1415591989,135.8440459417,136.4996337891,6831200,0.0,0.0,ORCL,甲骨文,Oracle Corporation,USD
2024-09-04T04:00:00.000Z,135.4624486996,138.0652412687,134.9829821957,137.7227630615,6243300,0.0,0.0,ORCL,甲骨文,Oracle Corporation,USD
2024-09-05T04:00:00.000Z,138.3587731492,140.1983430242,137.2922203729,139.542755127,8733200,0.0,0.0,ORCL,甲骨文,Oracle Corporation,USD
2024-09-06T04:00:00.000Z,140.6973741901,140.8441569652,136.4017944164,138.7599639893,11154800,0.0,0.0,ORCL,甲骨文,Oracle Corporation,USD
2024-09-09T04:00:00.000Z,139.4253414769,140.2179176706,136.5094243363,136.8812561035,20233400,0.0,0.0,ORCL,甲骨文,Oracle Corporation,USD
2024-09-10T04:00:00.000Z,150.9128393485,157.0675633019,149.8267124703,152.5371398926,37374200,0.0,0.0,ORCL,甲骨文,Oracle Corporation,USD
2024-09-11T04:00:00.000Z,153.407986583,156.0107790902,151.5097095654,153.7993774414,12630100,0.0,0.0,ORCL,甲骨文,Oracle Corporation,USD
2024-09-12T04:00:00.000Z,155.6193597511,158.8483863091,154.5038794781,157.9090423584,16161300,0.0,0.0,ORCL,甲骨文,Oracle Corporation,USD
2024-09-13T04:00:00.000Z,169.9640755282,170.1989190083,157.5372287899,158.5450744629,25727800,0.0,0.0,ORCL,甲骨文,Oracle Corporation,USD
2024-09-16T04:00:00.000Z,161.441420593,170.2478496915,160.9717336244,166.6665649414,27384400,0.0,0.0,ORCL,甲骨文,Oracle Corporation,USD
2024-09-17T04:00:00.000Z,166.6176484254,166.96990621,163.1831462237,163.8680877686,12580100,0.0,0.0,ORCL,甲骨文,Oracle Corporation,USD
2024-09-18T04:00:00.000Z,164.0148550125,164.0148550125,160.2085210161,160.991317749,12274400,0.0,0.0,ORCL,甲骨文,Oracle Corporation,USD
2024-09-19T04:00:00.000Z,163.6527899302,164.5432212495,160.9717164272,163.9854736328,10075900,0.0,0.0,ORCL,甲骨文,Oracle Corporation,USD
2024-09-20T04:00:00.000Z,163.5353896235,165.1988232092,163.0167900044,164.3866729736,12187700,0.0,0.0,ORCL,甲骨文,Oracle Corporation,USD
2024-09-23T04:00:00.000Z,163.6332211919,163.731076369,160.7270986116,162.3807525635,7916100,0.0,0.0,ORCL,甲骨文,Oracle Corporation,USD
2024-09-24T04:00:00.000Z,162.1752711398,162.5275288607,160.3944085146,162.2339782715,6155100,0.0,0.0,ORCL,甲骨文,Oracle Corporation,USD
2024-09-25T04:00:00.000Z,164.0833364499,165.1205356479,162.0969987563,162.7036590576,7142400,0.0,0.0,ORCL,甲骨文,Oracle Corporation,USD
2024-09-26T04:00:00.000Z,164.0441789815,164.7389148759,162.8993451251,164.4845123291,7096800,0.0,0.0,ORCL,甲骨文,Oracle Corporation,USD
2024-09-27T04:00:00.000Z,164.4747195217,165.4727855594,162.9287003435,165.110748291,8974400,0.0,0.0,ORCL,甲骨文,Oracle Corporation,USD
2024-09-30T04:00:00.000Z,165.8544094768,166.8524755905,162.8700056122,166.7350463867,10210300,0.0,0.0,ORCL,甲骨文,Oracle Corporation,USD
2024-10-01T04:00:00.000Z,166.5589264795,166.8426826191,162.4003350539,163.564743042,7595100,0.0,0.0,ORCL,甲骨文,Oracle Corporation,USD
2024-10-02T04:00:00.000Z,163.9952858015,165.541290217,163.6723816092,164.1029205322,7073000,0.0,0.0,ORCL,甲骨文,Oracle Corporation,USD
2024-10-03T04:00:00.000Z,163.3005480269,164.2496865703,162.6645341262,163.271194458,4735700,0.0,0.0,ORCL,甲骨文,Oracle Corporation,USD
2024-10-04T04:00:00.000Z,165.0814133046,167.2242985209,164.5530191949,167.1851654053,6386900,0.0,0.0,ORCL,甲骨文,Oracle Corporation,USD
2024-10-07T04:00:00.000Z,166.7546189883,168.6235424501,165.9033356539,166.3143005371,6791000,0.0,0.0,ORCL,甲骨文,Oracle Corporation,USD
2024-10-08T04:00:00.000Z,166.9307699566,170.8838717487,166.7742076262,170.6196746826,7845400,0.0,0.0,ORCL,甲骨文,Oracle Corporation,USD
2024-10-09T04:00:00.000Z,170.8055813713,174.768477427,170.0717122843,174.4553527832,8120900,0.0,0.0,ORCL,甲骨文,Oracle Corporation,USD
2024-10-10T04:00:00.000Z,174.2199648468,174.8574237608,170.8169616863,172.023223877,7115900,0.4,0.0,ORCL,甲骨文,Oracle Corporation,USD
2024-10-11T04:00:00.000Z,172.1114906396,173.5825290212,171.0327231742,172.3762817383,5869400,0.0,0.0,ORCL,甲骨文,Oracle Corporation,USD
2024-10-14T04:00:00.000Z,173.1412336811,173.7982957458,172.1115037428,172.7195281982,4688700,0.0,0.0,ORCL,甲骨文,Oracle Corporation,USD
2024-10-15T04:00:00.000Z,173.5237084579,174.7789934807,170.3952974373,170.728729248,5848600,0.0,0.0,ORCL,甲骨文,Oracle Corporation,USD
2024-10-16T04:00:00.000Z,170.1501159404,171.5328956902,168.3260276436,171.3955993652,6383000,0.0,0.0,ORCL,甲骨文,Oracle Corporation,USD
2024-10-17T04:00:00.000Z,174.0728767457,174.3180498115,171.7584424056,172.2880096436,5474000,0.0,0.0,ORCL,甲骨文,Oracle Corporation,USD
2024-10-18T04:00:00.000Z,173.386400004,173.5531158977,171.2092619213,171.3171386719,5001300,0.0,0.0,ORCL,甲骨文,Oracle Corporation,USD
2024-10-21T04:00:00.000Z,171.0817704199,171.7682520438,169.8166839248,170.405090332,4198400,0.0,0.0,ORCL,甲骨文,Oracle Corporation,USD
2024-10-22T04:00:00.000Z,172.0624519558,172.4547378336,170.9150438211,171.9251556396,5510100,0.0,0.0,ORCL,甲骨文,Oracle Corporation,USD
2024-10-23T04:00:00.000Z,171.1308062511,172.670500344,169.6695693379,169.7578430176,4830400,0.0,0.0,ORCL,甲骨文,Oracle Corporation,USD
2024-10-24T04:00:00.000Z,169.9736063144,171.5721246789,169.571518857,171.0131378174,3488000,0.0,0.0,ORCL,甲骨文,Oracle Corporation,USD
2024-10-25T04:00:00.000Z,171.4053903594,172.8862302706,169.7578345612,170.1697235107,3674700,0.0,0.0,ORCL,甲骨文,Oracle Corporation,USD
2024-10-28T04:00:00.000Z,170.6895062167,170.8071845099,168.81638024,169.0909729004,4330000,0.0,0.0,ORCL,甲骨文,Oracle Corporation,USD
2024-10-29T04:00:00.000Z,168.9634931555,170.6601018434,168.9634931555,170.0814819336,4122900,0.0,0.0,ORCL,甲骨文,Oracle Corporation,USD
2024-10-30T04:00:00.000Z,170.6208481396,172.7587652099,169.4538218675,171.1896514893,5822500,0.0,0.0,ORCL,甲骨文,Oracle Corporation,USD
2024-10-31T04:00:00.000Z,167.2276589566,167.5807087911,164.167888736,164.599395752,9477500,0.0,0.0,ORCL,甲骨文,Oracle Corporation,USD
2024-11-01T04:00:00.000Z,166.8647845075,168.943862305,165.8350695907,166.7373046875,5680600,0.0,0.0,ORCL,甲骨文,Oracle Corporation,USD
2024-11-04T05:00:00.000Z,167.0216818381,167.1883977121,165.4721864068,166.3155822754,4804400,0.0,0.0,ORCL,甲骨文,Oracle Corporation,USD
2024-11-05T05:00:00.000Z,167.1786133846,168.57119462,167.0315155289,168.4633178711,5456800,0.0,0.0,ORCL,甲骨文,Oracle Corporation,USD
2024-11-06T05:00:00.000Z,175.0732076709,178.5840881831,173.9944400685,177.7406921387,11085000,0.0,0.0,ORCL,甲骨文,Oracle Corporation,USD
2024-11-07T05:00:00.000Z,177.5837659492,183.065832391,177.0541837199,182.7716217041,7759400,0.0,0.0,ORCL,甲骨文,Oracle Corporation,USD
2024-11-08T05:00:00.000Z,182.6637330864,186.4884418396,182.6637330864,185.5960083008,8520400,0.0,0.0,ORCL,甲骨文,Oracle Corporation,USD
2024-11-11T05:00:00.000Z,187.3612598691,187.8025683947,184.2132311201,185.4783325195,5973600,0.0,0.0,ORCL,甲骨文,Oracle Corporation,USD
2024-11-12T05:00:00.000Z,184.8997340244,186.9297744259,183.5856098317,185.9196624756,6629900,0.0,0.0,ORCL,甲骨文,Oracle Corporation,USD
2024-11-13T05:00:00.000Z,185.3508480163,188.0673699258,185.1448960453,185.9686889648,5695400,0.0,0.0,ORCL,甲骨文,Oracle Corporation,USD
2024-11-14T05:00:00.000Z,185.0174223623,185.9294590651,183.1050752724,183.4385070801,7804300,0.0,0.0,ORCL,甲骨文,Oracle Corporation,USD
2024-11-15T05:00:00.000Z,180.9573521471,182.212637127,178.8096335593,180.1924133301,8986300,0.0,0.0,ORCL,甲骨文,Oracle Corporation,USD
2024-11-18T05:00:00.000Z,180.7416142283,182.5853057842,179.3490328013,182.1439971924,6289400,0.0,0.0,ORCL,甲骨文,Oracle Corporation,USD
2024-11-19T05:00:00.000Z,181.3202211369,185.6646963437,180.7612342383,185.2527923584,8117000,0.0,0.0,ORCL,甲骨文,Oracle Corporation,USD
2024-11-20T05:00:00.000Z,187.2141602421,187.2828158882,184.1936410272,187.0670623779,4860200,0.0,0.0,ORCL,甲骨文,Oracle Corporation,USD
2024-11-21T05:00:00.000Z,188.2341004311,192.2549302666,187.9398897202,188.714630127,11394300,0.0,0.0,ORCL,甲骨文,Oracle Corporation,USD
2024-11-22T05:00:00.000Z,189.273583773,190.4504113529,187.3710386196,188.5772857666,6879400,0.0,0.0,ORCL,甲骨文,Oracle Corporation,USD
2024-11-25T05:00:00.000Z,190.7446372854,190.989810341,184.3603363037,184.3603363037,15138500,0.0,0.0,ORCL,甲骨文,Oracle Corporation,USD
2024-11-26T05:00:00.000Z,184.6839896363,188.6852012363,184.6839896363,186.6943969727,6427200,0.0,0.0,ORCL,甲骨文,Oracle Corporation,USD
2024-11-27T05:00:00.000Z,185.3115973393,185.3115973393,178.7017267866,179.172454834,8368800,0.0,0.0,ORCL,甲骨文,Oracle Corporation,USD
2024-11-29T05:00:00.000Z,180.4572027134,182.3401303213,180.4474011766,181.2711791992,4628000,0.0,0.0,ORCL,甲骨文,Oracle Corporation,USD
2024-12-02T05:00:00.000Z,181.712470372,181.712470372,177.5053069733,177.9073944092,8859700,0.0,0.0,ORCL,甲骨文,Oracle Corporation,USD
2024-12-03T05:00:00.000Z,177.6818351585,179.5059235524,175.6518097483,179.3588256836,8917100,0.0,0.0,ORCL,甲骨文,Oracle Corporation,USD
2024-12-04T05:00:00.000Z,184.3701541041,186.1255867531,182.3106942694,184.5564880371,8906300,0.0,0.0,ORCL,甲骨文,Oracle Corporation,USD
2024-12-05T05:00:00.000Z,185.3704578464,185.3704578464,182.2616651331,182.6441345215,6398100,0.0,0.0,ORCL,甲骨文,Oracle Corporation,USD
2024-12-06T05:00:00.000Z,183.3894576408,188.9107600043,182.7814332115,187.9889068604,10503400,0.0,0.0,ORCL,甲骨文,Oracle Corporation,USD
2024-12-09T05:00:00.000Z,192.5098982516,194.4810843544,185.2821859463,186.7728424072,20158000,0.0,0.0,ORCL,甲骨文,Oracle Corporation,USD
2024-12-10T05:00:00.000Z,170.1108812397,174.3670819375,167.7572109031,174.3082427979,26502000,0.0,0.0,ORCL,甲骨文,Oracle Corporation,USD
2024-12-11T05:00:00.000Z,174.5632157577,177.8779602612,171.4544232054,175.132019043,13188700,0.0,0.0,ORCL,甲骨文,Oracle Corporation,USD
2024-12-12T05:00:00.000Z,174.5632304975,174.7299463939,171.4348196466,171.9349822998,8154200,0.0,0.0,ORCL,甲骨文,Oracle Corporation,USD
2024-12-13T05:00:00.000Z,171.6211361202,172.7391246369,168.3260097081,170.0422210693,8351100,0.0,0.0,ORCL,甲骨文,Oracle Corporation,USD
2024-12-16T05:00:00.000Z,170.4835268949,170.9052323184,167.6297090276,167.9239196777,9572000,0.0,0.0,ORCL,甲骨文,Oracle Corporation,USD
2024-12-17T05:00:00.000Z,167.4532172838,169.6499735155,166.0017968085,166.433303833,8940200,0.0,0.0,ORCL,甲骨文,Oracle Corporation,USD
2024-12-18T05:00:00.000Z,166.1390932198,167.9239455006,162.1672862426,162.2163238525,8817900,0.0,0.0,ORCL,甲骨文,Oracle Corporation,USD
2024-12-19T05:00:00.000Z,164.3150027248,167.6983882672,164.1678898969,165.5310516357,8386400,0.0,0.0,ORCL,甲骨文,Oracle Corporation,USD
2024-12-20T05:00:00.000Z,164.4915030467,167.9533454109,162.4320583484,166.3842468262,13810500,0.0,0.0,ORCL,甲骨文,Oracle Corporation,USD
2024-12-23T05:00:00.000Z,166.3155760473,166.3449956143,163.9423028697,165.8742675781,6518200,0.0,0.0,ORCL,甲骨文,Oracle Corporation,USD
2024-12-24T05:00:00.000Z,166.423488625,168.4535289702,165.7664265469,168.100479126,2451500,0.0,0.0,ORCL,甲骨文,Oracle Corporation,USD
2024-12-26T05:00:00.000Z,167.2080398837,169.2184621244,167.2080398837,168.3652496338,4100100,0.0,0.0,ORCL,甲骨文,Oracle Corporation,USD
2024-12-27T05:00:00.000Z,167.0903503645,167.8454726229,163.9717412277,165.697769165,4344300,0.0,0.0,ORCL,甲骨文,Oracle Corporation,USD
2024-12-30T05:00:00.000Z,163.2950615327,164.6680396643,161.3729130983,163.6873474121,5254800,0.0,0.0,ORCL,甲骨文,Oracle Corporation,USD
2024-12-31T05:00:00.000Z,163.9717469304,164.0698221445,162.6380048253,163.4225616455,4307500,0.0,0.0,ORCL,甲骨文,Oracle Corporation,USD
2025-01-02T05:00:00.000Z,165.2662545385,165.4329704176,161.7161385816,162.8243255615,5360800,0.0,0.0,ORCL,甲骨文,Oracle Corporation,USD
2025-01-03T05:00:00.000Z,163.4813869918,163.9717330925,162.0790043265,163.1087341309,5876000,0.0,0.0,ORCL,甲骨文,Oracle Corporation,USD
2025-01-06T05:00:00.000Z,164.0796224618,164.8053401339,162.0005596232,162.4909057617,6845400,0.0,0.0,ORCL,甲骨文,Oracle Corporation,USD
2025-01-07T05:00:00.000Z,162.3830572508,162.951860666,158.2053128116,158.9015960693,7712200,0.0,0.0,ORCL,甲骨文,Oracle Corporation,USD
2025-01-08T05:00:00.000Z,159.0486564516,160.8139054337,158.3131372894,159.9901275635,7596200,0.0,0.0,ORCL,甲骨文,Oracle Corporation,USD
2025-01-10T05:00:00.000Z,156.5099693937,156.5099693937,151.3191875898,151.8893890381,13593900,0.4,0.0,ORCL,甲骨文,Oracle Corporation,USD
2025-01-13T05:00:00.000Z,151.1422472845,151.5453080782,149.8445442385,151.3191986084,8828500,0.0,0.0,ORCL,甲骨文,Oracle Corporation,USD
2025-01-14T05:00:00.000Z,153.7769498997,154.592927086,151.741934749,153.6688079834,7410200,0.0,0.0,ORCL,甲骨文,Oracle Corporation,USD
2025-01-15T05:00:00.000Z,155.9889120981,156.4607972195,154.6027336155,155.6349945068,10701200,0.0,0.0,ORCL,甲骨文,Oracle Corporation,USD
2025-01-16T05:00:00.000Z,157.4439010474,158.7710957741,155.7333118453,156.8442077637,9210600,0.0,0.0,ORCL,甲骨文,Oracle Corporation,USD
2025-01-17T05:00:00.000Z,159.0365376977,160.4030499342,157.8273105021,158.3090362549,11618300,0.0,0.0,ORCL,甲骨文,Oracle Corporation,USD
2025-01-21T05:00:00.000Z,161.1010466086,170.440522952,159.9999763032,169.6540527344,30232000,0.0,0.0,ORCL,甲骨文,Oracle Corporation,USD
2025-01-22T05:00:00.000Z,188.274021429,188.7459215978,177.5188888493,181.107208252,48028500,0.0,0.0,ORCL,甲骨文,Oracle Corporation,USD
2025-01-23T05:00:00.000Z,178.5707652198,183.4174690977,178.4331314485,183.319152832,17314600,0.0,0.0,ORCL,甲骨文,Oracle Corporation,USD
2025-01-24T05:00:00.000Z,185.4525121917,185.9047460815,178.7969020139,180.4976806641,12147200,0.0,0.0,ORCL,甲骨文,Oracle Corporation,USD
2025-01-27T05:00:00.000Z,166.0460454842,169.6048875758,150.0804667124,155.6054992676,42201600,0.0,0.0,ORCL,甲骨文,Oracle Corporation,USD
2025-01-28T05:00:00.000Z,160.2359229392,163.0279311545,154.1013563668,161.2288513184,20319300,0.0,0.0,ORCL,甲骨文,Oracle Corporation,USD
2025-01-29T05:00:00.000Z,161.2583338732,161.2583338732,157.3062568387,159.2823028564,9866600,0.0,0.0,ORCL,甲骨文,Oracle Corporation,USD
2025-01-30T05:00:00.000Z,161.9956566491,168.5922821606,161.3271540345,167.5010375977,14981700,0.0,0.0,ORCL,甲骨文,Oracle Corporation,USD
2025-01-31T05:00:00.000Z,167.5305543881,170.07678708,166.2721839844,167.1864624023,8704600,0.0,0.0,ORCL,甲骨文,Oracle Corporation,USD
2025-02-03T05:00:00.000Z,160.4423653158,167.0291507208,160.4423653158,165.7511291504,8250600,0.0,0.0,ORCL,甲骨文,Oracle Corporation,USD
2025-02-04T05:00:00.000Z,167.5206982833,167.5206982833,163.5391442492,165.0531158447,6777000,0.0,0.0,ORCL,甲骨文,Oracle Corporation,USD
2025-02-05T05:00:00.000Z,166.1345472607,168.9855393749,165.6724877455,168.7594299316,7866700,0.0,0.0,ORCL,甲骨文,Oracle Corporation,USD
2025-02-06T05:00:00.000Z,170.0767854819,172.6820019181,168.6709556694,169.4377746582,7036900,0.0,0.0,ORCL,甲骨文,Oracle Corporation,USD
2025-02-07T05:00:00.000Z,172.0429690667,174.3925838728,170.253714988,171.5121002197,9991300,0.0,0.0,ORCL,甲骨文,Oracle Corporation,USD
2025-02-10T05:00:00.000Z,173.0260855193,176.9486709266,171.9643327399,175.8967437744,7625900,0.0,0.0,ORCL,甲骨文,Oracle Corporation,USD
2025-02-11T05:00:00.000Z,174.6187108814,176.0933650506,173.4684824296,174.1959838867,6528800,0.0,0.0,ORCL,甲骨文,Oracle Corporation,USD
2025-02-12T05:00:00.000Z,171.9348497421,171.9348497421,167.8254871991,169.309967041,7454800,0.0,0.0,ORCL,甲骨文,Oracle Corporation,USD
2025-02-13T05:00:00.000Z,170.0767722632,171.4334588307,169.1919858068,170.9222412109,6421700,0.0,0.0,ORCL,甲骨文,Oracle Corporation,USD
2025-02-14T05:00:00.000Z,171.3056539919,172.0724729359,169.8899836334,171.2171783447,7260900,0.0,0.0,ORCL,甲骨文,Oracle Corporation,USD
2025-02-18T05:00:00.000Z,173.7634200538,179.160659831,173.114568605,176.7618865967,11430500,0.0,0.0,ORCL,甲骨文,Oracle Corporation,USD
2025-02-19T05:00:00.000Z,175.5625102787,178.6101201396,172.7311692458,178.452835083,8688500,0.0,0.0,ORCL,甲骨文,Oracle Corporation,USD
2025-02-20T05:00:00.000Z,176.7717117913,177.223945679,171.4826139353,173.0260925293,8737000,0.0,0.0,ORCL,甲骨文,Oracle Corporation,USD
2025-02-21T05:00:00.000Z,173.1440696101,173.8912373788,164.7188859633,164.9744873047,9713900,0.0,0.0,ORCL,甲骨文,Oracle Corporation,USD
2025-02-24T05:00:00.000Z,170.6371359698,171.2269885655,161.8776876652,167.0881347656,10639100,0.0,0.0,ORCL,甲骨文,Oracle Corporation,USD
2025-02-25T05:00:00.000Z,166.4294504423,167.7173275876,161.6614113204,165.6921234131,8316100,0.0,0.0,ORCL,甲骨文,Oracle Corporation,USD
2025-02-26T05:00:00.000Z,168.0909269176,170.9320936525,166.2721955827,169.5557556152,6915100,0.0,0.0,ORCL,甲骨文,Oracle Corporation,USD
2025-02-27T05:00:00.000Z,170.0767696968,171.9053413468,161.7990466366,161.9759979248,7436800,0.0,0.0,ORCL,甲骨文,Oracle Corporation,USD
2025-02-28T05:00:00.000Z,160.3538934079,163.3425192282,158.0927540368,163.2540435791,12843300,0.0,0.0,ORCL,甲骨文,Oracle Corporation,USD
2025-03-03T05:00:00.000Z,164.1289919427,164.2961176008,158.4073420579,159.2823028564,8081800,0.0,0.0,ORCL,甲骨文,Oracle Corporation,USD
2025-03-04T05:00:00.000Z,156.529634057,157.0605029856,150.9259509167,154.8092041016,13171900,0.0,0.0,ORCL,甲骨文,Oracle Corporation,USD
2025-03-05T05:00:00.000Z,155.3892334231,159.744386831,154.3963049491,158.8300933838,7141000,0.0,0.0,ORCL,甲骨文,Oracle Corporation,USD
2025-03-06T05:00:00.000Z,154.5044423489,154.5044423489,147.1999806168,148.389541626,12321200,0.0,0.0,ORCL,甲骨文,Oracle Corporation,USD
2025-03-07T05:00:00.000Z,148.0749284695,153.8359110704,145.9907554812,152.5382232666,12646500,0.0,0.0,ORCL,甲骨文,Oracle Corporation,USD
2025-03-10T04:00:00.000Z,147.9864525368,149.9428323671,144.3194835594,146.2758483887,21486100,0.0,0.0,ORCL,甲骨文,Oracle Corporation,USD
2025-03-11T04:00:00.000Z,140.9965912247,143.3167142592,135.3732424295,141.7437438965,27200200,0.0,0.0,ORCL,甲骨文,Oracle Corporation,USD
2025-03-12T04:00:00.000Z,143.7591152546,149.657731932,142.5597286635,148.3403778076,15373900,0.0,0.0,ORCL,甲骨文,Oracle Corporation,USD
2025-03-13T04:00:00.000Z,147.2589615279,147.6325453915,143.0217908682,145.1649627686,14187700,0.0,0.0,ORCL,甲骨文,Oracle Corporation,USD
2025-03-14T04:00:00.000Z,146.4036497598,148.330537619,145.3812295698,146.7477416992,9330000,0.0,0.0,ORCL,甲骨文,Oracle Corporation,USD
2025-03-17T04:00:00.000Z,147.8586670724,153.118273478,147.8586670724,151.4076690674,9885000,0.0,0.0,ORCL,甲骨文,Oracle Corporation,USD
2025-03-18T04:00:00.000Z,149.795356006,149.844514142,146.1185614495,146.924697876,9402500,0.0,0.0,ORCL,甲骨文,Oracle Corporation,USD
2025-03-19T04:00:00.000Z,147.5244082738,151.4666602228,147.4654245041,149.8740234375,6909500,0.0,0.0,ORCL,甲骨文,Oracle Corporation,USD
2025-03-20T04:00:00.000Z,149.0187287064,151.8795615406,148.2715759562,150.139465332,7051600,0.0,0.0,ORCL,甲骨文,Oracle Corporation,USD
2025-03-21T04:00:00.000Z,149.0875286973,151.2405261583,147.5735570357,149.6577301025,17620200,0.0,0.0,ORCL,甲骨文,Oracle Corporation,USD
2025-03-24T04:00:00.000Z,153.6982749852,153.953891292,151.4273101119,152.253112793,7848300,0.0,0.0,ORCL,甲骨文,Oracle Corporation,USD
2025-03-25T04:00:00.000Z,151.8991961297,152.9707894971,150.4638745565,151.328994751,8521200,0.0,0.0,ORCL,甲骨文,Oracle Corporation,USD
2025-03-26T04:00:00.000Z,150.3065867048,150.4442204969,144.0835441718,145.3025970459,13210000,0.0,0.0,ORCL,甲骨文,Oracle Corporation,USD
2025-03-27T04:00:00.000Z,143.3855205496,144.5554000456,142.471227329,143.316696167,9148300,0.0,0.0,ORCL,甲骨文,Oracle Corporation,USD
2025-03-28T04:00:00.000Z,141.3505177742,143.188915189,136.7594295506,138.4896850586,13144500,0.0,0.0,ORCL,甲骨文,Oracle Corporation,USD
2025-03-31T04:00:00.000Z,136.2973577009,138.2144049653,134.449119825,137.4475860596,15509900,0.0,0.0,ORCL,甲骨文,Oracle Corporation,USD
2025-04-01T04:00:00.000Z,137.3984388611,140.8294729569,136.415336083,139.5416107178,9518500,0.0,0.0,ORCL,甲骨文,Oracle Corporation,USD
2025-04-02T04:00:00.000Z,137.4967538695,145.3910679044,137.4967538695,143.3953704834,11594400,0.0,0.0,ORCL,甲骨文,Oracle Corporation,USD
2025-04-03T04:00:00.000Z,136.8970657158,139.010730748,134.3311667924,134.9111938477,14433800,0.0,0.0,ORCL,甲骨文,Oracle Corporation,USD
2025-04-04T04:00:00.000Z,130.6641885749,131.5588156672,124.804889653,126.1025924683,14986900,0.0,0.0,ORCL,甲骨文,Oracle Corporation,USD
2025-04-07T04:00:00.000Z,116.8515893704,131.8439057826,116.8515893704,125.0113449097,19482700,0.0,0.0,ORCL,甲骨文,Oracle Corporation,USD
2025-04-08T04:00:00.000Z,130.3004332314,130.7428414743,119.6436029115,122.3962936401,11950300,0.0,0.0,ORCL,甲骨文,Oracle Corporation,USD
2025-04-09T04:00:00.000Z,121.314889748,138.2144221596,121.314889748,137.3296356201,17762000,0.0,0.0,ORCL,甲骨文,Oracle Corporation,USD
2025-04-10T04:00:00.000Z,134.8235690864,134.8235690864,127.5323423191,131.5676879883,12401600,0.5,0.0,ORCL,甲骨文,Oracle Corporation,USD
2025-04-11T04:00:00.000Z,130.3442570375,131.2223609559,127.1179586843,130.5810546875,10190200,0.0,0.0,ORCL,甲骨文,Oracle Corporation,USD
2025-04-14T04:00:00.000Z,134.9715569969,134.9715569969,131.0940768938,132.840423584,8217700,0.0,0.0,ORCL,甲骨文,Oracle Corporation,USD
2025-04-15T04:00:00.000Z,132.958827799,134.6558399349,131.9327347901,132.1497955322,8630000,0.0,0.0,ORCL,甲骨文,Oracle Corporation,USD
2025-04-16T04:00:00.000Z,130.511988011,130.7685075171,126.1411976265,128.0256652832,8295200,0.0,0.0,ORCL,甲骨文,Oracle Corporation,USD
2025-04-17T04:00:00.000Z,129.1504268463,129.5450896083,126.7233148426,126.9009017944,8925500,0.0,0.0,ORCL,甲骨文,Oracle Corporation,USD
2025-04-21T04:00:00.000Z,125.1940143254,125.4998685218,119.6195295325,121.1784133911,12201200,0.0,0.0,ORCL,甲骨文,Oracle Corporation,USD
2025-04-22T04:00:00.000Z,122.8359689442,126.2793205041,121.7408042816,125.5393447876,11233700,0.0,0.0,ORCL,甲骨文,Oracle Corporation,USD
2025-04-23T04:00:00.000Z,133.1068337355,134.0539942093,129.2392291817,129.643737793,9528900,0.0,0.0,ORCL,甲骨文,Oracle Corporation,USD
2025-04-24T04:00:00.000Z,130.7389020028,136.0174013815,130.2357239436,135.6720733643,7305900,0.0,0.0,ORCL,甲骨文,Oracle Corporation,USD
2025-04-25T04:00:00.000Z,135.6523428416,137.1421550777,134.9320890294,136.6389770508,5476400,0.0,0.0,ORCL,甲骨文,Oracle Corporation,USD
2025-04-28T04:00:00.000Z,137.7834810044,138.7898522572,136.2344729029,138.2669372559,6985100,0.0,0.0,ORCL,甲骨文,Oracle Corporation,USD
2025-04-29T04:00:00.000Z,137.9413362636,139.2732985634,137.6848167706,138.9082336426,4851500,0.0,0.0,ORCL,甲骨文,Oracle Corporation,USD
2025-04-30T04:00:00.000Z,136.6291062315,139.4114220328,133.7580120161,138.8391723633,9443500,0.0,0.0,ORCL,甲骨文,Oracle Corporation,USD
2025-05-01T04:00:00.000Z,144.6011316268,146.6533329339,143.3974364846,143.5454406738,11525800,0.0,0.0,ORCL,甲骨文,Oracle Corporation,USD
2025-05-02T04:00:00.000Z,146.3474465895,151.0142219455,146.3474465895,148.7153625488,11346000,0.0,0.0,ORCL,甲骨文,Oracle Corporation,USD
2025-05-05T04:00:00.000Z,147.4426361399,148.8041963278,146.5349343662,147.294631958,5187400,0.0,0.0,ORCL,甲骨文,Oracle Corporation,USD
2025-05-06T04:00:00.000Z,145.0155131738,146.9493231323,143.7723593072,145.7258911133,5108600,0.0,0.0,ORCL,甲骨文,Oracle Corporation,USD
2025-05-07T04:00:00.000Z,145.5285642865,147.8964806665,145.2720447794,147.3735656738,6049600,0.0,0.0,ORCL,甲骨文,Oracle Corporation,USD
2025-05-08T04:00:00.000Z,147.0578448253,149.7809500625,146.6237233263,148.2911376953,6113600,0.0,0.0,ORCL,甲骨文,Oracle Corporation,USD
2025-05-09T04:00:00.000Z,148.0345883948,149.7710742178,147.7879298454,148.330581665,4707100,0.0,0.0,ORCL,甲骨文,Oracle Corporation,USD
2025-05-12T04:00:00.000Z,154.22081148,155.3258371247,152.3560731771,155.1186523438,7875500,0.0,0.0,ORCL,甲骨文,Oracle Corporation,USD
2025-05-13T04:00:00.000Z,156.1052786258,161.0384500776,155.463972359,160.1011505127,11955200,0.0,0.0,ORCL,甲骨文,Oracle Corporation,USD
2025-05-14T04:00:00.000Z,160.1899535561,161.2259226338,158.907325891,160.772064209,7499400,0.0,0.0,ORCL,甲骨文,Oracle Corporation,USD
2025-05-15T04:00:00.000Z,159.2033260228,159.5782519091,156.7860747745,157.2695159912,10169200,0.0,0.0,ORCL,甲骨文,Oracle Corporation,USD
2025-05-16T04:00:00.000Z,157.8614839711,158.6902531488,156.4012694598,158.3449401855,8515500,0.0,0.0,ORCL,甲骨文,Oracle Corporation,USD
2025-05-19T04:00:00.000Z,156.1842003766,159.8051461653,155.7204810878,157.5062866211,10268900,0.0,0.0,ORCL,甲骨文,Oracle Corporation,USD
2025-05-20T04:00:00.000Z,156.5098047324,158.2166778659,155.4245009742,158.1673431396,7576400,0.0,0.0,ORCL,甲骨文,Oracle Corporation,USD
2025-05-21T04:00:00.000Z,156.2335379066,158.7494431744,154.3687997954,155.0791625977,6011000,0.0,0.0,ORCL,甲骨文,Oracle Corporation,USD
2025-05-22T04:00:00.000Z,154.8818673303,157.0623360268,154.7240172645,155.2074584961,7603300,0.0,0.0,ORCL,甲骨文,Oracle Corporation,USD
2025-05-23T04:00:00.000Z,152.9184632705,155.2765187639,152.1982093558,153.8853607178,6527500,0.0,0.0,ORCL,甲骨文,Oracle Corporation,USD
2025-05-27T04:00:00.000Z,157.1905622896,160.2293822675,156.795899591,159.7459411621,6976800,0.0,0.0,ORCL,甲骨文,Oracle Corporation,USD
2025-05-28T04:00:00.000Z,159.7064874491,162.1237534996,159.1243768321,161.6600341797,8090700,0.0,0.0,ORCL,甲骨文,Oracle Corporation,USD
2025-05-29T04:00:00.000Z,162.7946552834,163.1103854776,159.3315743999,160.7227172852,6994700,0.0,0.0,ORCL,甲骨文,Oracle Corporation,USD
2025-05-30T04:00:00.000Z,161.2456279746,163.534626657,159.3907658251,163.317565918,17547900,0.0,0.0,ORCL,甲骨文,Oracle Corporation,USD
2025-06-02T04:00:00.000Z,161.975742481,164.7679192058,160.4267345421,164.3436737061,7166000,0.0,0.0,ORCL,甲骨文,Oracle Corporation,USD
2025-06-03T04:00:00.000Z,164.5705976806,167.0667811556,164.3633978618,166.8793182373,7155300,0.0,0.0,ORCL,甲骨文,Oracle Corporation,USD
2025-06-04T04:00:00.000Z,167.4417074744,168.2014050177,165.3303107528,165.853225708,6375800,0.0,0.0,ORCL,甲骨文,Oracle Corporation,USD
2025-06-05T04:00:00.000Z,166.7412032153,169.9576257393,166.5044055544,168.8526000977,7707800,0.0,0.0,ORCL,甲骨文,Oracle Corporation,USD
2025-06-06T04:00:00.000Z,171.6743701541,172.4538046358,170.3522837902,171.6941070557,6833700,0.0,0.0,ORCL,甲骨文,Oracle Corporation,USD
2025-06-09T04:00:00.000Z,172.5228711978,176.3312801295,171.4671652895,174.7822570801,9668900,0.0,0.0,ORCL,甲骨文,Oracle Corporation,USD
2025-06-10T04:00:00.000Z,175.3347858467,175.4729140447,171.9506224122,175.1078491211,11056700,0.0,0.0,ORCL,甲骨文,Oracle Corporation,USD
2025-06-11T04:00:00.000Z,175.1769127472,177.150181232,173.8449504981,174.0225524902,18002900,0.0,0.0,ORCL,甲骨文,Oracle Corporation,USD
2025-06-12T04:00:00.000Z,187.4210477048,199.7835735836,186.3554809141,197.1887207031,54610000,0.0,0.0,ORCL,甲骨文,Oracle Corporation,USD
2025-06-13T04:00:00.000Z,198.8857529677,213.7050050372,198.5108270992,212.3434448242,53707400,0.0,0.0,ORCL,甲骨文,Oracle Corporation,USD
2025-06-16T04:00:00.000Z,210.3504263819,212.2940971262,207.1734627824,208.278503418,22665300,0.0,0.0,ORCL,甲骨文,Oracle Corporation,USD
2025-06-17T04:00:00.000Z,207.8443858836,212.9946181496,204.7068809715,205.3975219727,17819200,0.0,0.0,ORCL,甲骨文,Oracle Corporation,USD
2025-06-18T04:00:00.000Z,208.2686201876,211.8501073321,206.7689469673,208.0515594482,15055400,0.0,0.0,ORCL,甲骨文,Oracle Corporation,USD
2025-06-20T04:00:00.000Z,210.4984415889,210.9424240291,201.9048498989,202.4277648926,20879100,0.0,0.0,ORCL,甲骨文,Oracle Corporation,USD
2025-06-23T04:00:00.000Z,202.7632016389,204.4996875741,199.8328966782,204.2727508545,13418400,0.0,0.0,ORCL,甲骨文,Oracle Corporation,USD
2025-06-24T04:00:00.000Z,207.1833335454,213.4780498829,205.7625778031,212.3927612305,19030600,0.0,0.0,ORCL,甲骨文,Oracle Corporation,USD
2025-06-25T04:00:00.000Z,212.0671620741,214.0305545407,207.4201082646,207.9035644531,11804600,0.0,0.0,ORCL,甲骨文,Oracle Corporation,USD
2025-06-26T04:00:00.000Z,209.1664623271,211.5541154207,207.548382749,209.9755096436,10531100,0.0,0.0,ORCL,甲骨文,Oracle Corporation,USD
2025-06-27T04:00:00.000Z,210.8338933781,211.7810539087,207.1537515253,207.4300079346,14127500,0.0,0.0,ORCL,甲骨文,Oracle Corporation,USD
2025-06-30T04:00:00.000Z,223.4726779185,225.169690187,215.4612118985,215.7078704834,31844200,0.0,0.0,ORCL,甲骨文,Oracle Corporation,USD
2025-07-01T04:00:00.000Z,216.3688993056,220.1871691286,213.4188574065,216.0334472656,16962200,0.0,0.0,ORCL,甲骨文,Oracle Corporation,USD
2025-07-02T04:00:00.000Z,214.770538764,228.8004791635,213.823378304,226.9061431885,22326900,0.0,0.0,ORCL,甲骨文,Oracle Corporation,USD
2025-07-03T04:00:00.000Z,230.10286443,234.8091144973,228.1098588267,234.1480712891,18441400,0.0,0.0,ORCL,甲骨文,Oracle Corporation,USD
2025-07-07T04:00:00.000Z,231.9675838579,232.1057120535,226.4325650001,229.155670166,16584300,0.0,0.0,ORCL,甲骨文,Oracle Corporation,USD
2025-07-08T04:00:00.000Z,233.9605908806,238.212982205,230.0732494212,231.365737915,20401800,0.0,0.0,ORCL,甲骨文,Oracle Corporation,USD
2025-07-09T04:00:00.000Z,232.3622251,233.3488593428,228.8991443275,232.6582183838,10871600,0.0,0.0,ORCL,甲骨文,Oracle Corporation,USD
2025-07-10T04:00:00.000Z,237.2360627517,237.354705616,230.8686341955,232.3517303467,11486300,0.5,0.0,ORCL,甲骨文,Oracle Corporation,USD
2025-07-11T04:00:00.000Z,228.7626309758,231.3629977009,227.2795348367,227.9617614746,10208200,0.0,0.0,ORCL,甲骨文,Oracle Corporation,USD
2025-07-14T04:00:00.000Z,226.864279936,228.0408720065,222.5830737447,226.6961975098,11337000,0.0,0.0,ORCL,甲骨文,Oracle Corporation,USD
2025-07-15T04:00:00.000Z,229.7909282732,232.9449819312,226.6170957749,232.3121948242,10728800,0.0,0.0,ORCL,甲骨文,Oracle Corporation,USD
2025-07-16T04:00:00.000Z,232.8461077473,238.6104102293,230.5621419705,238.5807495117,12597500,0.0,0.0,ORCL,甲骨文,Oracle Corporation,USD
2025-07-17T04:00:00.000Z,240.597740294,248.7646660536,239.2827265686,245.9467773438,17631300,0.0,0.0,ORCL,甲骨文,Oracle Corporation,USD
2025-07-18T04:00:00.000Z,245.6995917707,246.8662868159,242.2390341401,242.6839599609,9678100,0.0,0.0,ORCL,甲骨文,Oracle Corporation,USD
2025-07-21T04:00:00.000Z,242.5455441473,244.0187584342,240.498879287,240.7954864502,7348400,0.0,0.0,ORCL,甲骨文,Oracle Corporation,USD
2025-07-22T04:00:00.000Z,239.2530647263,239.5595688476,232.7571114879,235.4266815186,11380900,0.0,0.0,ORCL,甲骨文,Oracle Corporation,USD
2025-07-23T04:00:00.000Z,237.2459434843,240.6768404377,235.9704874386,239.1739654541,7255800,0.0,0.0,ORCL,甲骨文,Oracle Corporation,USD
2025-07-24T04:00:00.000Z,239.6782407271,241.3294193794,237.8490826827,240.0935058594,8237900,0.0,0.0,ORCL,甲骨文,Oracle Corporation,USD
2025-07-25T04:00:00.000Z,239.6090109435,242.7037430783,238.7092623228,242.3576812744,7149600,0.0,0.0,ORCL,甲骨文,Oracle Corporation,USD
2025-07-28T04:00:00.000Z,243.2277665725,244.9877061156,240.6768394053,244.9185028076,6756800,0.0,0.0,ORCL,甲骨文,Oracle Corporation,USD
2025-07-29T04:00:00.000Z,245.8973438895,250.2181076909,243.8111213239,247.1629180908,8415300,0.0,0.0,ORCL,甲骨文,Oracle Corporation,USD
2025-07-30T04:00:00.000Z,245.8380361104,248.220881062,242.832300987,247.7759552002,8441400,0.0,0.0,ORCL,甲骨文,Oracle Corporation,USD
2025-07-31T04:00:00.000Z,252.887678869,257.9301968556,250.4652914462,250.9102172852,15548700,0.0,0.0,ORCL,甲骨文,Oracle Corporation,USD
2025-08-01T04:00:00.000Z,245.0371486684,245.6106143258,239.2728464659,241.6655731201,12718200,0.0,0.0,ORCL,甲骨文,Oracle Corporation,USD
2025-08-04T04:00:00.000Z,243.1288839233,250.0598960945,243.1288839233,249.684173584,8614800,0.0,0.0,ORCL,甲骨文,Oracle Corporation,USD
2025-08-05T04:00:00.000Z,252.5317385225,255.5770161255,248.5372576218,252.7888031006,11197300,0.0,0.0,ORCL,甲骨文,Oracle Corporation,USD
2025-08-06T04:00:00.000Z,253.9456054014,253.9456054014,248.8833087256,253.540222168,9930200,0.0,0.0,ORCL,甲骨文,Oracle Corporation,USD
2025-08-07T04:00:00.000Z,254.8058070284,254.8552616728,243.7419220055,246.579574585,11954200,0.0,0.0,ORCL,甲骨文,Oracle Corporation,USD
2025-08-08T04:00:00.000Z,247.2123531183,248.0626621836,245.0668091587,247.232131958,8313300,0.0,0.0,ORCL,甲骨文,Oracle Corporation,USD
2025-08-11T04:00:00.000Z,245.6007224354,251.819847559,242.7927306099,249.8324890137,9012100,0.0,0.0,ORCL,甲骨文,Oracle Corporation,USD
2025-08-12T04:00:00.000Z,249.7336171186,254.9639961997,248.2505209789,250.9991912842,9998400,0.0,0.0,ORCL,甲骨文,Oracle Corporation,USD
2025-08-13T04:00:00.000Z,254.2719014538,254.7662668312,239.9056297086,241.4282684326,14182100,0.0,0.0,ORCL,甲骨文,Oracle Corporation,USD
2025-08-14T04:00:00.000Z,242.189596445,246.1148587659,239.8364274972,242.1994934082,10285600,0.0,0.0,ORCL,甲骨文,Oracle Corporation,USD
2025-08-15T04:00:00.000Z,244.1374116663,247.8056096377,240.1923702729,245.4820861816,11554000,0.0,0.0,ORCL,甲骨文,Oracle Corporation,USD
2025-08-18T04:00:00.000Z,243.4255159848,246.3521657435,240.8745887519,246.2631835938,6759900,0.0,0.0,ORCL,甲骨文,Oracle Corporation,USD
2025-08-19T04:00:00.000Z,246.4411494729,246.4411494729,229.6129471983,231.9760131836,16819300,0.0,0.0,ORCL,甲骨文,Oracle Corporation,USD
2025-08-20T04:00:00.000Z,229.5634919507,233.221807694,225.6777874522,232.4110412598,11256400,0.0,0.0,ORCL,甲骨文,Oracle Corporation,USD
2025-08-21T04:00:00.000Z,230.4237249662,233.2613776453,229.8107015872,230.5324859619,7403100,0.0,0.0,ORCL,甲骨文,Oracle Corporation,USD
2025-08-22T04:00:00.000Z,231.4223179408,235.8122849038,228.8516270316,233.7062835693,9343600,0.0,0.0,ORCL,甲骨文,Oracle Corporation,USD
2025-08-25T04:00:00.000Z,234.6752506738,236.3363111001,232.6186888935,232.7571105957,6308600,0.0,0.0,ORCL,甲骨文,Oracle Corporation,USD
2025-08-26T04:00:00.000Z,232.3517388901,234.2402183462,230.0875519877,231.5706481934,11805200,0.0,0.0,ORCL,甲骨文,Oracle Corporation,USD
2025-08-27T04:00:00.000Z,232.3517336304,233.864490519,230.0578709758,233.1526031494,5637600,0.0,0.0,ORCL,甲骨文,Oracle Corporation,USD
2025-08-28T04:00:00.000Z,232.8856538835,239.223422147,232.4703887438,237.6118011475,8691500,0.0,0.0,ORCL,甲骨文,Oracle Corporation,USD
2025-08-29T04:00:00.000Z,234.9323046252,235.5354309619,220.5957093291,223.5816802979,16618600,0.0,0.0,ORCL,甲骨文,Oracle Corporation,USD
2025-09-02T04:00:00.000Z,219.4982327776,222.9093509453,216.3244003411,222.7610473633,10461900,0.0,0.0,ORCL,甲骨文,Oracle Corporation,USD
2025-09-03T04:00:00.000Z,223.3542721043,223.3542721043,219.2510454951,220.9318847656,8900800,0.0,0.0,ORCL,甲骨文,Oracle Corporation,USD
2025-09-04T04:00:00.000Z,219.4982230011,221.0505374955,217.0857175957,220.4869537354,10303100,0.0,0.0,ORCL,甲骨文,Oracle Corporation,USD
2025-09-05T04:00:00.000Z,229.9293462353,231.9760111077,223.3443956102,230.1765289307,15386100,0.0,0.0,ORCL,甲骨文,Oracle Corporation,USD
2025-09-08T04:00:00.000Z,237.1866403489,239.6881281644,232.6582512961,235.7925262451,18803000,0.0,0.0,ORCL,甲骨文,Oracle Corporation,USD
2025-09-09T04:00:00.000Z,237.2360611465,240.7460583645,231.9166848259,238.7883605957,41178700,0.0,0.0,ORCL,甲骨文,Oracle Corporation,USD
2025-09-10T04:00:00.000Z,315.592960762,341.8239855426,308.572966619,324.6299438477,131618100,0.0,0.0,ORCL,甲骨文,Oracle Corporation,USD
2025-09-11T04:00:00.000Z,326.6173351959,327.2699011574,301.1674135651,304.3906555176,69986000,0.0,0.0,ORCL,甲骨文,Oracle Corporation,USD
2025-09-12T04:00:00.000Z,302.3440015774,304.4994274925,288.4622126143,288.8873596191,51781900,0.0,0.0,ORCL,甲骨文,Oracle Corporation,USD
2025-09-15T04:00:00.000Z,302.9965652671,303.5700158538,293.939787532,298.7351379395,40004000,0.0,0.0,ORCL,甲骨文,Oracle Corporation,USD
2025-09-16T04:00:00.000Z,310.5208045499,316.364207423,298.863659522,303.1943054199,51923300,0.0,0.0,ORCL,甲骨文,Oracle Corporation,USD
2025-09-17T04:00:00.000Z,304.2225951798,305.1816653035,291.7052590997,298.0133666992,27707900,0.0,0.0,ORCL,甲骨文,Oracle Corporation,USD
2025-09-18T04:00:00.000Z,299.6249779887,300.3961867746,288.7093819486,293.2773132324,24673100,0.0,0.0,ORCL,甲骨文,Oracle Corporation,USD
2025-09-19T04:00:00.000Z,295.6304682806,307.6039821279,293.9694080082,305.1816101074,40776200,0.0,0.0,ORCL,甲骨文,Oracle Corporation,USD
2025-09-22T04:00:00.000Z,306.1407416634,325.7868190658,303.4612894757,324.4520263672,44437500,0.0,0.0,ORCL,甲骨文,Oracle Corporation,USD
2025-09-23T04:00:00.000Z,320.3487707249,321.3375014987,306.5559643603,310.2933654785,35280200,0.0,0.0,ORCL,甲骨文,Oracle Corporation,USD
2025-09-24T04:00:00.000Z,308.3455653224,308.9487067861,296.6488935187,304.9838867188,33765300,0.0,0.0,ORCL,甲骨文,Oracle Corporation,USD
2025-09-25T04:00:00.000Z,291.9425069431,295.3833006889,285.2982353407,288.0469055176,39274900,0.0,0.0,ORCL,甲骨文,Oracle Corporation,USD
2025-09-26T04:00:00.000Z,289.6981253103,290.6868561134,279.8108172792,280.265625,25990700,0.0,0.0,ORCL,甲骨文,Oracle Corporation,USD
2025-09-29T04:00:00.000Z,281.3927778069,282.7572310713,276.4589908407,279.5735168457,25778500,0.0,0.0,ORCL,甲骨文,Oracle Corporation,USD
2025-09-30T04:00:00.000Z,280.4930200061,280.799524115,272.7907992587,278.0706176758,23880800,0.0,0.0,ORCL,甲骨文,Oracle Corporation,USD
2025-10-01T04:00:00.000Z,275.6581196436,286.7220190944,274.7485042555,285.7530822754,23378300,0.0,0.0,ORCL,甲骨文,Oracle Corporation,USD
2025-10-02T04:00:00.000Z,288.5116521277,291.6459422221,282.8264496975,285.5256958008,16215500,0.0,0.0,ORCL,甲骨文,Oracle Corporation,USD
2025-10-03T04:00:00.000Z,286.3364357918,291.3196472998,280.799537469,282.915435791,13688400,0.0,0.0,ORCL,甲骨文,Oracle Corporation,USD
2025-10-06T04:00:00.000Z,289.0851219095,293.336652365,287.522910317,288.3040161133,14076800,0.0,0.0,ORCL,甲骨文,Oracle Corporation,USD
2025-10-07T04:00:00.000Z,289.9156482196,289.9156482196,267.9460484974,281.0368347168,31723400,0.0,0.0,ORCL,甲骨文,Oracle Corporation,USD
2025-10-08T04:00:00.000Z,282.203562899,288.244693704,280.4040655714,285.3773803711,18982100,0.0,0.0,ORCL,甲骨文,Oracle Corporation,USD
2025-10-09T04:00:00.000Z,288.764696579,298.0947169293,284.5157023919,294.1230163574,26479800,0.5,0.0,ORCL,甲骨文,Oracle Corporation,USD
2025-10-10T04:00:00.000Z,297.4113006538,304.780225697,289.2203182409,290.1612243652,28895300,0.0,0.0,ORCL,甲骨文,Oracle Corporation,USD
2025-10-13T04:00:00.000Z,295.8463891177,307.7317474181,294.8955386909,305.0674438477,21703700,0.0,0.0,ORCL,甲骨文,Oracle Corporation,USD
2025-10-14T04:00:00.000Z,300.6698722451,301.5117578741,289.190600136,296.1435241699,17346200,0.0,0.0,ORCL,甲骨文,Oracle Corporation,USD
2025-10-15T04:00:00.000Z,301.9871306577,308.0387744673,296.0642799549,300.7193603516,13698900,0.0,0.0,ORCL,甲骨文,Oracle Corporation,USD
2025-10-16T04:00:00.000Z,302.6804673072,319.4586340374,300.1746387813,310.009765625,32500900,0.0,0.0,ORCL,甲骨文,Oracle Corporation,USD
2025-10-17T04:00:00.000Z,300.848134846,301.3730703002,284.7533786608,288.5269775391,37653000,0.0,0.0,ORCL,甲骨文,Oracle Corporation,USD
2025-10-20T04:00:00.000Z,286.1895582947,286.4767660471,272.6798521087,274.5319824219,32810700,0.0,0.0,ORCL,甲骨文,Oracle Corporation,USD
2025-10-21T04:00:00.000Z,275.4530756307,277.6221559942,269.6589874915,272.5213623047,18370800,0.0,0.0,ORCL,甲骨文,Oracle Corporation,USD
2025-10-22T04:00:00.000Z,272.1945440818,274.5518118451,266.6777492206,270.0551757812,16474000,0.0,0.0,ORCL,甲骨文,Oracle Corporation,USD
2025-10-23T04:00:00.000Z,270.352287818,280.3954305661,269.7877562437,277.3943786621,16872200,0.0,0.0,ORCL,甲骨文,Oracle Corporation,USD
2025-10-24T04:00:00.000Z,283.1884825509,284.446338751,279.5535305198,280.6231994629,13194900,0.0,0.0,ORCL,甲骨文,Oracle Corporation,USD
2025-10-27T04:00:00.000Z,283.8322611152,284.2581458565,277.1368330944,278.7116394043,13855800,0.0,0.0,ORCL,甲骨文,Oracle Corporation,USD
2025-10-28T04:00:00.000Z,280.2963770657,282.7328671451,277.8598869863,278.1470947266,12448500,0.0,0.0,ORCL,甲骨文,Oracle Corporation,USD
2025-10-29T04:00:00.000Z,278.7710762222,278.9295512966,268.757676156,272.669921875,18007100,0.0,0.0,ORCL,甲骨文,Oracle Corporation,USD
2025-10-30T04:00:00.000Z,266.1726046002,267.1828794578,253.8316486598,254.435836792,27954200,0.0,0.0,ORCL,甲骨文,Oracle Corporation,USD
2025-10-31T04:00:00.000Z,257.0308055082,263.2706069655,254.2575369069,260.1011657715,16898700,0.0,0.0,ORCL,甲骨文,Oracle Corporation,USD
2025-11-03T05:00:00.000Z,262.7060422526,263.0824167907,252.7916773881,255.3866577148,15709200,0.0,0.0,ORCL,甲骨文,Oracle Corporation,USD
2025-11-04T05:00:00.000Z,247.5918238761,252.8411936039,242.8475915601,245.799118042,19772600,0.0,0.0,ORCL,甲骨文,Oracle Corporation,USD
2025-11-05T05:00:00.000Z,245.5416201194,249.988715679,244.6700222756,247.9186859131,11991500,0.0,0.0,ORCL,甲骨文,Oracle Corporation,USD
2025-11-06T05:00:00.000Z,245.5713345861,246.6905440901,237.0039623528,241.4708862305,18678300,0.0,0.0,ORCL,甲骨文,Oracle Corporation,USD
2025-11-07T05:00:00.000Z,236.7167172519,238.1033363286,230.1302539677,236.9742279053,20969300,0.0,0.0,ORCL,甲骨文,Oracle Corporation,USD
2025-11-10T05:00:00.000Z,243.6003327398,244.8780172882,234.8051774075,238.5292510986,16698700,0.0,0.0,ORCL,甲骨文,Oracle Corporation,USD
2025-11-11T05:00:00.000Z,233.9732042191,235.1815503222,226.7033295495,233.8939666748,20686600,0.0,0.0,ORCL,甲骨文,Oracle Corporation,USD
2025-11-12T05:00:00.000Z,234.478326217,234.5476496181,224.009298727,224.821472168,24195000,0.0,0.0,ORCL,甲骨文,Oracle Corporation,USD
2025-11-13T05:00:00.000Z,222.8405821699,223.0089562754,213.1639148214,215.4914703369,30009000,0.0,0.0,ORCL,甲骨文,Oracle Corporation,USD
2025-11-14T05:00:00.000Z,208.8158515894,224.8808961195,208.7564272135,220.7210235596,36053800,0.0,0.0,ORCL,甲骨文,Oracle Corporation,USD
2025-11-17T05:00:00.000Z,216.1253517315,220.6714978405,213.5006592648,217.7595825195,16143800,0.0,0.0,ORCL,甲骨文,Oracle Corporation,USD
2025-11-18T05:00:00.000Z,214.1444652167,221.56290055,212.4507948875,218.3835754395,21098300,0.0,0.0,ORCL,甲骨文,Oracle Corporation,USD
2025-11-19T05:00:00.000Z,216.9672215202,225.9703771444,215.2339400361,223.3754119873,21679500,0.0,0.0,ORCL,甲骨文,Oracle Corporation,USD
2025-11-20T05:00:00.000Z,228.951627051,231.7644916127,208.2909115104,208.6771850586,27459600,0.0,0.0,ORCL,甲骨文,Oracle Corporation,USD
2025-11-21T05:00:00.000Z,205.1016832238,206.319928307,191.7009419686,196.8611602783,44834100,0.0,0.0,ORCL,甲骨文,Oracle Corporation,USD
2025-11-24T05:00:00.000Z,194.9793127217,201.8728275109,192.4437719161,198.3666381836,31144700,0.0,0.0,ORCL,甲骨文,Oracle Corporation,USD
2025-11-25T05:00:00.000Z,192.2258754104,197.5049575325,183.8566047732,195.1476898193,29595000,0.0,0.0,ORCL,甲骨文,Oracle Corporation,USD
2025-11-26T05:00:00.000Z,207.4985586937,207.9937819841,200.3079219572,203.0019378662,26544100,0.0,0.0,ORCL,甲骨文,Oracle Corporation,USD
2025-11-28T05:00:00.000Z,197.6039836844,200.4069492051,195.7221413042,200.0206756592,13848500,0.0,0.0,ORCL,甲骨文,Oracle Corporation,USD
2025-12-01T05:00:00.000Z,198.5845410487,201.555880815,194.8208409887,199.0203399658,13461200,0.0,0.0,ORCL,甲骨文,Oracle Corporation,USD
2025-12-02T05:00:00.000Z,203.1802153722,207.6966494602,198.0893204414,199.178817749,19664500,0.0,0.0,ORCL,甲骨文,Oracle Corporation,USD
2025-12-03T05:00:00.000Z,198.4161693394,205.9336554119,197.4950461419,205.7454681396,19060500,0.0,0.0,ORCL,甲骨文,Oracle Corporation,USD
2025-12-04T05:00:00.000Z,205.874234115,213.3521090851,204.3489529768,212.2824249268,23316900,0.0,0.0,ORCL,甲骨文,Oracle Corporation,USD
2025-12-05T05:00:00.000Z,216.9077902927,217.4030135582,211.5791831197,215.5013580322,24208700,0.0,0.0,ORCL,甲骨文,Oracle Corporation,USD
2025-12-08T05:00:00.000Z,219.2353493496,222.6028615662,214.8377642603,218.4330749512,24711200,0.0,0.0,ORCL,甲骨文,Oracle Corporation,USD
2025-12-09T05:00:00.000Z,217.9279501905,220.4932030926,216.1946687519,219.4136199951,17643600,0.0,0.0,ORCL,甲骨文,Oracle Corporation,USD
2025-12-10T05:00:00.000Z,219.681054187,223.1674303758,215.5013684157,220.879486084,47928000,0.0,0.0,ORCL,甲骨文,Oracle Corporation,USD
2025-12-11T05:00:00.000Z,188.7989307795,200.0603191801,184.4508707012,196.9503173828,100612700,0.0,0.0,ORCL,甲骨文,Oracle Corporation,USD
2025-12-12T05:00:00.000Z,194.4939881111,195.959859916,184.2032488535,188.1551361084,55201600,0.0,0.0,ORCL,甲骨文,Oracle Corporation,USD
2025-12-15T05:00:00.000Z,186.4911659782,187.1646774611,179.6669901559,183.1533660889,43897500,0.0,0.0,ORCL,甲骨文,Oracle Corporation,USD
2025-12-16T05:00:00.000Z,182.9354717583,187.9867551255,182.7274864495,186.8477325439,32433500,0.0,0.0,ORCL,甲骨文,Oracle Corporation,USD
2025-12-17T05:00:00.000Z,181.5587530937,184.718279979,175.3783763475,176.7550964355,50222000,0.0,0.0,ORCL,甲骨文,Oracle Corporation,USD
2025-12-18T05:00:00.000Z,180.9743927179,182.9948970066,176.8739446532,178.3100891113,36297300,0.0,0.0,ORCL,甲骨文,Oracle Corporation,USD
2025-12-19T05:00:00.000Z,186.5902315171,193.2559328016,186.3228067076,190.1360321045,77008600,0.0,0.0,ORCL,甲骨文,Oracle Corporation,USD
2025-12-22T05:00:00.000Z,194.9397079611,196.9007880064,190.9878205683,196.4848022461,27148000,0.0,0.0,ORCL,甲骨文,Oracle Corporation,USD
2025-12-23T05:00:00.000Z,194.5533989772,195.3160470147,190.3539154844,193.473815918,18301600,0.0,0.0,ORCL,甲骨文,Oracle Corporation,USD
2025-12-24T05:00:00.000Z,193.1370845584,196.3857481563,192.5626237241,195.603302002,9282700,0.0,0.0,ORCL,甲骨文,Oracle Corporation,USD
2025-12-26T05:00:00.000Z,196.1678494036,198.4557786108,194.2364815737,196.098526001,11262000,0.0,0.0,ORCL,甲骨文,Oracle Corporation,USD
2025-12-29T05:00:00.000Z,192.305097048,196.6135302771,190.7996141286,193.5134429932,14748100,0.0,0.0,ORCL,甲骨文,Oracle Corporation,USD
2025-12-30T05:00:00.000Z,194.1869508945,196.4847941769,193.8403036649,195.3259735107,14197400,0.0,0.0,ORCL,甲骨文,Oracle Corporation,USD
2025-12-31T05:00:00.000Z,194.5435119839,195.3160590935,192.8696548752,193.0479431152,10341500,0.0,0.0,ORCL,甲骨文,Oracle Corporation,USD
2026-01-02T05:00:00.000Z,195.5834974021,196.6927927924,192.3546468262,193.8403167725,14540700,0.0,0.0,ORCL,甲骨文,Oracle Corporation,USD
2026-01-05T05:00:00.000Z,196.4451590395,199.7631609249,190.4925808984,190.7500915527,22635500,0.0,0.0,ORCL,甲骨文,Oracle Corporation,USD
2026-01-06T05:00:00.000Z,190.7203986971,193.0182421094,188.8781673797,191.8990325928,16474500,0.0,0.0,ORCL,甲骨文,Oracle Corporation,USD
2026-01-07T05:00:00.000Z,193.4342163712,193.8006767626,190.1657396976,190.9977111816,11171200,0.0,0.0,ORCL,甲骨文,Oracle Corporation,USD
2026-01-08T05:00:00.000Z,189.0564406694,189.1257640685,184.3716176469,187.838180542,19468500,0.0,0.0,ORCL,甲骨文,Oracle Corporation,USD
2026-01-09T05:00:00.000Z,190.3307941829,198.7916949677,187.4707628456,197.1432189941,26152700,0.5,0.0,ORCL,甲骨文,Oracle Corporation,USD
2026-01-12T05:00:00.000Z,196.2295977954,205.1671804148,195.6436780852,203.2604827881,25428500,0.0,0.0,ORCL,甲骨文,Oracle Corporation,USD
2026-01-13T05:00:00.000Z,203.5782664872,206.3588507185,199.2683692626,200.8870544434,15857400,0.0,0.0,ORCL,甲骨文,Oracle Corporation,USD
2026-01-14T05:00:00.000Z,200.2812978563,200.2812978563,189.4866885305,192.2672729492,22473200,0.0,0.0,ORCL,甲骨文,Oracle Corporation,USD
2026-01-15T05:00:00.000Z,193.6575428197,193.6575428197,188.0765240221,188.5333404541,16418600,0.0,0.0,ORCL,甲骨文,Oracle Corporation,USD
2026-01-16T05:00:00.000Z,188.5929308553,190.5393292852,185.2363671416,189.7647399902,19224700,0.0,0.0,ORCL,甲骨文,Oracle Corporation,USD
2026-01-20T05:00:00.000Z,185.8917799021,185.8917799021,178.1160816382,178.6721954346,29129500,0.0,0.0,ORCL,甲骨文,Oracle Corporation,USD
2026-01-21T05:00:00.000Z,178.4338661843,179.3474990847,169.4168516305,172.6741027832,38190000,0.0,0.0,ORCL,甲骨文,Oracle Corporation,USD
2026-01-22T05:00:00.000Z,178.1260090522,178.9105386449,175.2759182335,176.9442596436,21141900,0.0,0.0,ORCL,甲骨文,Oracle Corporation,USD
2026-01-23T05:00:00.000Z,171.4228283608,178.4040721808,170.8071330789,175.931350708,23011300,0.0,0.0,ORCL,甲骨文,Oracle Corporation,USD
2026-01-26T05:00:00.000Z,177.8579108732,184.0248347655,177.2918566666,181.1747436523,21100400,0.0,0.0,ORCL,甲骨文,Oracle Corporation,USD
2026-01-27T05:00:00.000Z,177.9472678103,178.4735908944,172.4754715603,173.6870117188,27093700,0.0,0.0,ORCL,甲骨文,Oracle Corporation,USD
2026-01-28T05:00:00.000Z,173.7068700072,180.4199817116,170.6680945459,171.6015777588,35882700,0.0,0.0,ORCL,甲骨文,Oracle Corporation,USD
2026-01-29T05:00:00.000Z,168.9699532635,169.0494002581,160.399815175,167.8378601074,37254500,0.0,0.0,ORCL,甲骨文,Oracle Corporation,USD
2026-01-30T05:00:00.000Z,167.0036818626,167.7286148208,162.1078803679,163.438583374,27362400,0.0,0.0,ORCL,甲骨文,Oracle Corporation,USD
2026-02-02T05:00:00.000Z,169.7346193278,170.0126762359,158.8903544546,158.9499359131,47421000,0.0,0.0,ORCL,甲骨文,Oracle Corporation,USD
2026-02-03T05:00:00.000Z,157.1624193142,158.2746621201,150.8465270012,153.5973205566,43260100,0.0,0.0,ORCL,甲骨文,Oracle Corporation,USD
2026-02-04T05:00:00.000Z,152.8227300461,152.872386313,143.4283310728,145.6528015137,42323400,0.0,0.0,ORCL,甲骨文,Oracle Corporation,USD
2026-02-05T05:00:00.000Z,144.5902389377,145.5336474541,134.312012339,135.5334777832,42789000,0.0,0.0,ORCL,甲骨文,Oracle Corporation,USD
2026-02-06T05:00:00.000Z,138.7807975222,142.2068678473,137.9466267767,141.8295135498,29962400,0.0,0.0,ORCL,甲骨文,Oracle Corporation,USD
2026-02-09T05:00:00.000Z,147.4601828211,158.6420858928,145.9805109624,155.5039978027,49936500,0.0,0.0,ORCL,甲骨文,Oracle Corporation,USD
2026-02-10T05:00:00.000Z,158.8903503929,164.2429684657,155.8714404028,158.7811126709,40092200,0.0,0.0,ORCL,甲骨文,Oracle Corporation,USD
2026-02-11T05:00:00.000Z,162.5249737007,162.5249737007,152.9319649875,156.0700531006,24538900,0.0,0.0,ORCL,甲骨文,Oracle Corporation,USD
2026-02-12T05:00:00.000Z,156.8347009173,157.9370033413,151.4423668656,155.3947601318,23285400,0.0,0.0,ORCL,甲骨文,Oracle Corporation,USD
2026-02-13T05:00:00.000Z,158.1455614065,161.174411924,154.21301833,159.0293884277,18597000,0.0,0.0,ORCL,甲骨文,Oracle Corporation,USD
2026-02-17T05:00:00.000Z,156.884359969,158.1753471335,151.819738997,152.9021759033,19610800,0.0,0.0,ORCL,甲骨文,Oracle Corporation,USD
2026-02-18T05:00:00.000Z,153.3391407134,156.2090974038,150.32021521,155.0869293213,14801100,0.0,0.0,ORCL,甲骨文,Oracle Corporation,USD
2026-02-19T05:00:00.000Z,156.0998468675,158.9698033225,154.6896967734,155.4543457031,14976300,0.0,0.0,ORCL,甲骨文,Oracle Corporation,USD
2026-02-20T05:00:00.000Z,152.2368232981,152.9220403735,146.3678072166,147.053024292,29621900,0.0,0.0,ORCL,甲骨文,Oracle Corporation,USD
2026-02-23T05:00:00.000Z,144.6795995788,144.7888373027,137.6288340984,140.3299713135,31749800,0.0,0.0,ORCL,甲骨文,Oracle Corporation,USD
2026-02-24T05:00:00.000Z,139.8632339643,145.7421753907,137.7678667625,145.1264801025,21336600,0.0,0.0,ORCL,甲骨文,Oracle Corporation,USD
2026-02-25T05:00:00.000Z,148.1255304859,152.2169520959,146.3181455049,146.8643341064,27303900,0.0,0.0,ORCL,甲骨文,Oracle Corporation,USD
2026-02-26T05:00:00.000Z,147.7580850714,151.4423616517,144.1433302912,149.2675476074,20652200,0.0,0.0,ORCL,甲骨文,Oracle Corporation,USD
2026-02-27T05:00:00.000Z,142.8821541261,145.0668934392,141.1145001693,144.3916015625,36425200,0.0,0.0,ORCL,甲骨文,Oracle Corporation,USD
2026-03-02T05:00:00.000Z,140.6378163616,149.1285224804,140.2008654741,148.2149047852,22418800,0.0,0.0,ORCL,甲骨文,Oracle Corporation,USD
2026-03-03T05:00:00.000Z,143.7461272412,149.8832603225,142.0579201418,147.9765777588,20120800,0.0,0.0,ORCL,甲骨文,Oracle Corporation,USD
2026-03-04T05:00:00.000Z,148.9696296499,152.544668618,148.0659522924,151.3132629395,17585400,0.0,0.0,ORCL,甲骨文,Oracle Corporation,USD
2026-03-05T05:00:00.000Z,151.5317371567,156.8446393005,149.0788661643,153.7164764404,24094800,0.0,0.0,ORCL,甲骨文,Oracle Corporation,USD
2026-03-06T05:00:00.000Z,151.8594541065,158.0859741003,150.5684669489,151.8991851807,38000600,0.0,0.0,ORCL,甲骨文,Oracle Corporation,USD
2026-03-09T04:00:00.000Z,149.6548443835,150.9458314993,145.4144539532,150.5088806152,31173500,0.0,0.0,ORCL,甲骨文,Oracle Corporation,USD
2026-03-10T04:00:00.000Z,152.5545953575,153.0709932477,147.4204526434,148.363861084,51544600,0.0,0.0,ORCL,甲骨文,Oracle Corporation,USD
2026-03-11T04:00:00.000Z,165.2261091056,170.5687868705,159.4663308335,161.9887084961,83247500,0.0,0.0,ORCL,甲骨文,Oracle Corporation,USD
2026-03-12T04:00:00.000Z,163.5180545518,166.6660681676,157.5100094464,158.0561981201,37133700,0.0,0.0,ORCL,甲骨文,Oracle Corporation,USD
2026-03-13T04:00:00.000Z,157.9469487102,159.655021262,153.0809224299,154.0342712402,26350400,0.0,0.0,ORCL,甲骨文,Oracle Corporation,USD
2026-03-16T04:00:00.000Z,154.9776778522,157.6390991826,153.4384245049,154.8883056641,21607700,0.0,0.0,ORCL,甲骨文,Oracle Corporation,USD
2026-03-17T04:00:00.000Z,154.3619860572,157.8178471195,152.4354380315,153.6171875,23929500,0.0,0.0,ORCL,甲骨文,Oracle Corporation,USD
2026-03-18T04:00:00.000Z,152.3361166933,153.895235523,150.9855481149,151.8395843506,18051100,0.0,0.0,ORCL,甲骨文,Oracle Corporation,USD
2026-03-19T04:00:00.000Z,149.4165314723,155.8317213798,147.8574125151,154.4414367676,22046100,0.0,0.0,ORCL,甲骨文,Oracle Corporation,USD
2026-03-20T04:00:00.000Z,151.9885604521,152.1871703681,146.9239242514,148.6419219971,37551400,0.0,0.0,ORCL,甲骨文,Oracle Corporation,USD
2026-03-23T04:00:00.000Z,150.3698603365,154.6996231866,149.6647928604,153.2696075439,19927900,0.0,0.0,ORCL,甲骨文,Oracle Corporation,USD
2026-03-24T04:00:00.000Z,151.9389013547,152.8326535368,145.8315594203,146.0698852539,26122100,0.0,0.0,ORCL,甲骨文,Oracle Corporation,USD
2026-03-25T04:00:00.000Z,148.1950536945,148.8008238197,143.5971740417,145.0073242188,20683800,0.0,0.0,ORCL,甲骨文,Oracle Corporation,USD
2026-03-26T04:00:00.000Z,142.8920764943,145.4541851924,141.5514331124,141.8195648193,16961900,0.0,0.0,ORCL,甲骨文,Oracle Corporation,USD
2026-03-27T04:00:00.000Z,139.9526027847,140.7073416647,137.3408528925,138.6914215088,17929600,0.0,0.0,ORCL,甲骨文,Oracle Corporation,USD
2026-03-30T04:00:00.000Z,139.0687776481,140.2207363677,136.0002112795,137.837387085,20125700,0.0,0.0,ORCL,甲骨文,Oracle Corporation,USD
2026-03-31T04:00:00.000Z,139.3269838493,146.3777343,138.8801077539,146.0897521973,24492000,0.0,0.0,ORCL,甲骨文,Oracle Corporation,USD
2026-04-01T04:00:00.000Z,148.0560242313,148.6121380829,143.6666797275,144.2227935791,20495900,0.0,0.0,ORCL,甲骨文,Oracle Corporation,USD
2026-04-02T04:00:00.000Z,141.7897832404,145.424403848,139.3269869129,145.3648223877,14381900,0.0,0.0,ORCL,甲骨文,Oracle Corporation,USD
2026-04-06T04:00:00.000Z,146.4174563412,147.5197587233,142.8523578376,144.5306243896,12556700,0.0,0.0,ORCL,甲骨文,Oracle Corporation,USD
2026-04-07T04:00:00.000Z,142.7828483499,143.567377987,138.9694833517,142.1770782471,17250400,0.0,0.0,ORCL,甲骨文,Oracle Corporation,USD
2026-04-08T04:00:00.000Z,149.2576301519,150.4095888616,141.9089421467,142.6636810303,23527000,0.0,0.0,ORCL,甲骨文,Oracle Corporation,USD
2026-04-09T04:00:00.000Z,141.7069994325,142.3049253565,135.5284974432,137.3820495605,30407800,0.5,0.0,ORCL,甲骨文,Oracle Corporation,USD
2026-04-10T04:00:00.000Z,136.843932294,139.6840424993,134.1034662749,137.6112518311,26171800,0.0,0.0,ORCL,甲骨文,Oracle Corporation,USD
2026-04-13T04:00:00.000Z,139.2854344747,155.3694779654,139.235604779,155.0804748535,49997700,0.0,0.0,ORCL,甲骨文,Oracle Corporation,USD
2026-04-14T04:00:00.000Z,167.3477914935,168.8126963259,160.9998806904,162.4348907471,59779800,0.0,0.0,ORCL,甲骨文,Oracle Corporation,USD
2026-04-15T04:00:00.000Z,166.3114081372,171.9617489788,165.6337729293,169.221282959,43010800,0.0,0.0,ORCL,甲骨文,Oracle Corporation,USD
2026-04-16T04:00:00.000Z,175.8083684692,179.6450270038,173.1974566013,177.7217102051,46997300,0.0,0.0,ORCL,甲骨文,Oracle Corporation,USD
2026-04-17T04:00:00.000Z,182.2957897275,183.860353968,172.7589760223,174.4530792236,45282600,0.0,0.0,ORCL,甲骨文,Oracle Corporation,USD
2026-04-20T04:00:00.000Z,176.1970206992,177.1437241337,172.9084583212,176.9643554688,22330900,0.0,0.0,ORCL,甲骨文,Oracle Corporation,USD
2026-04-21T04:00:00.000Z,177.7316851884,184.6974418539,175.3997861685,180.5419006348,39638000,0.0,0.0,ORCL,甲骨文,Oracle Corporation,USD
2026-04-22T04:00:00.000Z,185.5345293076,188.5241286729,182.1662576961,186.8499603271,32448800,0.0,0.0,ORCL,甲骨文,Oracle Corporation,USD
2026-04-23T04:00:00.000Z,179.7745652684,181.2594050624,173.4764839796,175.6688537598,37084200,0.0,0.0,ORCL,甲骨文,Oracle Corporation,USD
2026-04-24T04:00:00.000Z,179.8841905555,180.0835093471,168.214796071,172.6792602539,33215000,0.0,0.0,ORCL,甲骨文,Oracle Corporation,USD
2026-04-27T04:00:00.000Z,171.9816793881,172.9483176843,167.3178967041,172.3603668213,21616600,0.0,0.0,ORCL,甲骨文,Oracle Corporation,USD
2026-04-28T04:00:00.000Z,161.5978146514,168.1151345762,161.4881953997,165.3846435547,33716500,0.0,0.0,ORCL,甲骨文,Oracle Corporation,USD
2026-04-29T04:00:00.000Z,163.471287367,164.1887924345,160.0930406767,163.2620239258,20587500,0.0,0.0,ORCL,甲骨文,Oracle Corporation,USD
2026-04-30T04:00:00.000Z,161.4582955664,164.6073285756,159.7741522106,160.8304748535,21016400,0.0,0.0,ORCL,甲骨文,Oracle Corporation,USD
2026-05-01T04:00:00.000Z,165.8430357568,173.6957214071,165.5739675636,171.2342834473,26318000,0.0,0.0,ORCL,甲骨文,Oracle Corporation,USD
2026-05-04T04:00:00.000Z,175.4097620831,182.8638254799,173.6558540797,179.6649475098,33504500,0.0,0.0,ORCL,甲骨文,Oracle Corporation,USD
2026-05-05T04:00:00.000Z,181.4985749811,185.8733546003,178.3794215705,184.7074127197,23497200,0.0,0.0,ORCL,甲骨文,Oracle Corporation,USD
2026-05-06T04:00:00.000Z,185.5544591107,193.6164081939,182.0366985044,193.3573150635,27685500,0.0,0.0,ORCL,甲骨文,Oracle Corporation,USD
2026-05-07T04:00:00.000Z,197.9214421267,199.4560964297,190.1385209492,193.9153747559,31803200,0.0,0.0,ORCL,甲骨文,Oracle Corporation,USD
2026-05-08T04:00:00.000Z,191.9123486763,197.3135563227,189.550570065,195.2706604004,21158300,0.0,0.0,ORCL,甲骨文,Oracle Corporation,USD
2026-05-11T04:00:00.000Z,191.4838254104,195.0015859694,189.9392112997,193.16796875,16890600,0.0,0.0,ORCL,甲骨文,Oracle Corporation,USD
2026-05-12T04:00:00.000Z,192.2511644432,192.2511644432,180.2429375085,186.1822814941,22123400,0.0,0.0,ORCL,甲骨文,Oracle Corporation,USD
2026-05-13T04:00:00.000Z,188.3746469255,190.9058494644,184.4184093808,189.1021118164,15789300,0.0,0.0,ORCL,甲骨文,Oracle Corporation,USD
2026-05-14T04:00:00.000Z,187.527590199,200.0141638475,184.8070591119,194.9318389893,22545000,0.0,0.0,ORCL,甲骨文,Oracle Corporation,USD
2026-05-15T04:00:00.000Z,189.8295888139,195.7489824404,188.2450896858,192.2810516357,15747100,0.0,0.0,ORCL,甲骨文,Oracle Corporation,USD
2026-05-18T04:00:00.000Z,189.3412898284,190.0986495136,182.6346262937,185.9630432129,19114300,0.0,0.0,ORCL,甲骨文,Oracle Corporation,USD
2026-05-19T04:00:00.000Z,185.3551556601,188.0657268948,180.3027255699,180.8309020996,16717700,0.0,0.0,ORCL,甲骨文,Oracle Corporation,USD
2026-05-20T04:00:00.000Z,179.3161717228,187.567464725,178.1801245763,187.5076751709,16517200,0.0,0.0,ORCL,甲骨文,Oracle Corporation,USD
2026-05-21T04:00:00.000Z,188.354716175,192.1515200674,186.5509936929,189.1120910645,12119700,0.0,0.0,ORCL,甲骨文,Oracle Corporation,USD
2026-05-22T04:00:00.000Z,191.0054955425,196.3170187371,190.4374795882,191.4140777588,10875800,0.0,0.0,ORCL,甲骨文,Oracle Corporation,USD
2026-05-26T04:00:00.000Z,192.6298441857,194.5232509237,189.899338118,192.3906707764,12856100,0.0,0.0,ORCL,甲骨文,Oracle Corporation,USD
2026-05-27T04:00:00.000Z,190.8161599134,191.4738754301,187.2685043954,190.2979736328,12126000,0.0,0.0,ORCL,甲骨文,Oracle Corporation,USD
2026-05-28T04:00:00.000Z,193.3672762659,204.2892857456,192.7095759756,202.9937896729,25339900,0.0,0.0,ORCL,甲骨文,Oracle Corporation,USD
2026-05-29T04:00:00.000Z,208.2754142506,225.5054645572,207.2888410248,224.9972381592,41082200,0.0,0.0,ORCL,甲骨文,Oracle Corporation,USD
2026-06-01T04:00:00.000Z,229.7008845917,249.3824137486,223.821345255,247.2896881104,48390000,0.0,0.0,ORCL,甲骨文,Oracle Corporation,USD
2026-06-02T04:00:00.000Z,241.9582431958,248.1367454634,238.0119653726,243.7320709229,30294800,0.0,0.0,ORCL,甲骨文,Oracle Corporation,USD
2026-06-03T04:00:00.000Z,239.6462681917,239.6761629673,226.8208924587,229.531463623,23644700,0.0,0.0,ORCL,甲骨文,Oracle Corporation,USD
2026-06-04T04:00:00.000Z,226.2130143514,238.1215818895,223.2234150428,235.5206298828,19993800,0.0,0.0,ORCL,甲骨文,Oracle Corporation,USD
2026-06-05T04:00:00.000Z,228.6943790297,230.6376154692,208.7238478509,212.9391784668,29019900,0.0,0.0,ORCL,甲骨文,Oracle Corporation,USD
2026-06-08T04:00:00.000Z,216.9950815404,218.3005374625,208.6042747011,211.085647583,17227200,0.0,0.0,ORCL,甲骨文,Oracle Corporation,USD
2026-06-09T04:00:00.000Z,213.1684057693,219.7355554552,197.1042813524,205.0964813232,26040700,0.0,0.0,ORCL,甲骨文,Oracle Corporation,USD
2026-06-10T04:00:00.000Z,197.8118147959,211.7433428851,197.4929169141,200.5622406006,46108300,0.0,0.0,ORCL,甲骨文,Oracle Corporation,USD
2026-06-11T04:00:00.000Z,179.0470967618,184.1294215551,174.6723171463,183.4617462158,63678500,0.0,0.0,ORCL,甲骨文,Oracle Corporation,USD
2026-06-12T04:00:00.000Z,184.3685769411,184.9366080871,178.3794186926,183.4916381836,29562300,0.0,0.0,ORCL,甲骨文,Oracle Corporation,USD
2026-06-15T04:00:00.000Z,186.7403386305,194.6428540895,185.5644368611,191.9721374512,20279900,0.0,0.0,ORCL,甲骨文,Oracle Corporation,USD
2026-06-16T04:00:00.000Z,189.3512465357,194.6428500048,187.009402903,187.6770782471,16985500,0.0,0.0,ORCL,甲骨文,Oracle Corporation,USD
2026-06-17T04:00:00.000Z,185.5146095091,189.5306367714,181.9470191101,182.8937225342,16616600,0.0,0.0,ORCL,甲骨文,Oracle Corporation,USD
2026-06-18T04:00:00.000Z,182.3755161262,187.3382618844,177.083927828,183.6510772705,31386100,0.0,0.0,ORCL,甲骨文,Oracle Corporation,USD
2026-06-22T04:00:00.000Z,181.67794844,183.9400828522,173.7953679083,174.4630584717,22935400,0.0,0.0,ORCL,甲骨文,Oracle Corporation,USD
2026-06-23T04:00:00.000Z,169.639817005,173.7256085962,164.0393061246,164.5874023438,33327900,0.0,0.0,ORCL,甲骨文,Oracle Corporation,USD
2026-06-24T04:00:00.000Z,161.9166919476,165.1753594044,154.8114213673,156.9838562012,38305000,0.0,0.0,ORCL,甲骨文,Oracle Corporation,USD
2026-06-25T04:00:00.000Z,156.8044884841,157.0735414713,149.8387166802,151.9314422607,36844400,0.0,0.0,ORCL,甲骨文,Oracle Corporation,USD
2026-06-26T04:00:00.000Z,149.7390584336,153.0076857917,147.4868990972,148.0150604248,36532100,0.0,0.0,ORCL,甲骨文,Oracle Corporation,USD
2026-06-29T04:00:00.000Z,153.4063089498,153.9643650568,144.696604119,147.2477264404,34310300,0.0,0.0,ORCL,甲骨文,Oracle Corporation,USD
2026-06-30T04:00:00.000Z,146.7395012922,149.4102027435,143.9791003039,146.0419311523,35926900,0.0,0.0,ORCL,甲骨文,Oracle Corporation,USD
2026-07-01T04:00:00.000Z,143.9890725218,147.0384613627,142.0059661865,142.0059661865,45964000,0.0,0.0,ORCL,甲骨文,Oracle Corporation,USD
2026-07-02T04:00:00.000Z,142.8032008381,146.5501599398,138.3486965222,139.783706665,44166700,0.0,0.0,ORCL,甲骨文,Oracle Corporation,USD
2026-07-06T04:00:00.000Z,143.7997330829,145.1151489018,140.6706196763,143.2615966797,36683000,0.0,0.0,ORCL,甲骨文,Oracle Corporation,USD
2026-07-07T04:00:00.000Z,143.22173027,145.0553474211,137.0731232145,141.109085083,47200000,0.0,0.0,ORCL,甲骨文,Oracle Corporation,USD
2026-07-08T04:00:00.000Z,138.5778946629,141.3482555486,137.0731351103,140.0029449463,34607300,0.0,0.0,ORCL,甲骨文,Oracle Corporation,USD
2026-07-09T04:00:00.000Z,140.9297055709,148.5531927144,140.4513739528,143.7200012207,35221900,0.0,0.0,ORCL,甲骨文,Oracle Corporation,USD
2026-07-10T04:00:00.000Z,145.6499938965,145.6799926758,139.2599945068,140.6399993896,29843300,0.5,0.0,ORCL,甲骨文,Oracle Corporation,USD
2026-07-13T04:00:00.000Z,139.0299987793,139.6499938965,131.3500061035,131.5399932861,56690300,0.0,0.0,ORCL,甲骨文,Oracle Corporation,USD
2026-07-14T04:00:00.000Z,132.0,132.7599945068,127.5999984741,127.9400024414,52670400,0.0,0.0,ORCL,甲骨文,Oracle Corporation,USD
2026-07-15T04:00:00.000Z,130.5599975586,133.8999938965,128.8399963379,132.4900054932,48520400,0.0,0.0,ORCL,甲骨文,Oracle Corporation,USD
2026-07-16T04:00:00.000Z,131.4799957275,131.7799987793,123.6600036621,124.2099990845,54474300,0.0,0.0,ORCL,甲骨文,Oracle Corporation,USD
2026-07-17T04:00:00.000Z,121.6999969482,128.4299926758,121.5,127.4599990845,26136744,0.0,0.0,ORCL,甲骨文,Oracle Corporation,USD
